Including File, Included File
twisted-arrow-construction.tree.pm, def-category-of-elements
arithmetic-knots.tree.pm, def-etale-homotopy-type
arithmetic-knots.tree.pm, def-etale-fundamental-group
category-of-elements.tree.pm, def-category-of-elements
peircehegelvygotsky.tree.pm, secondary-dualism
peircehegelvygotsky.tree.pm, social-constructivism
giry-monad.tree.pm, def-giry-monad
giry-monad.tree.pm, def-measurable-space
sheaves-on-topos.tree.pm, topos
sheaves-on-topos.tree.pm, def-canonical-topology
cloud-physics.tree.pm, cohesive-topos
kolmogorov.tree.pm, conditional-kolmogorov
composed-function.tree.pm, pattern-calculus
abstract-cauchy-problem.tree.pm, def-weak-derivative
colored-operads.tree.pm, def-colored-operads
modularity.tree.pm, kolmogorov
information-geometry.tree.pm, def-banach
information-geometry.tree.pm, def-giry-monad
circle-of-circles.tree.pm, about-coc
ch-01.tree.pm, section-01
ch-01.tree.pm, section-02
ch-01.tree.pm, section-03
peirceandhegel.poly.pm, peirceonhegel
peirceandhegel.poly.pm, peircehegelvygotsky
goldblatt-4-0.tree.pm, def-monic
goldblatt-3.tree.pm, def-monic
